{
  "listing_id": 577473,
  "id": 42090415,
  "date": "2015-08-10",
  "reviewer_id": 40537494,
  "reviewer_name": "Matt",
  "text": "THANKS! Linda \n\nMy story is a little different.  I booked a room. There was a mistake within the booking system. \n\nLinda became aware she had been double booked.  As rare as that is she handled it like a champ. Helping me, a rookie at airbnb , find a place to stay. \n\nCan't wait to visit Austin again and make sure I get to meet this angel.",
  "title": "Austin House for special events",
  "host_id": 2839901,
  "listing_latitude": 30.228892374345758,
  "listing_longitude": -97.85097741155383,
  "host_name": "Linda"
}
