{
  "listing_id": 2266768,
  "id": 32889548,
  "date": "2015-05-23",
  "reviewer_id": 10428873,
  "reviewer_name": "Connie",
  "text": "Really cute, spacious place...the artwork is so cool and interesting. The bed and shower are huge. Even toiletries are provided. I was only there for one night but it would've been nice to stay longer.",
  "title": "modern granny flat",
  "host_id": 1507234,
  "listing_latitude": 30.275484886441834,
  "listing_longitude": -97.726282028393,
  "host_name": "Kristine"
}
