{
  "listing_id": 1735938,
  "id": 32987544,
  "date": "2015-05-24",
  "reviewer_id": 28780342,
  "reviewer_name": "Gracita",
  "text": "Patryce was a sweet and great host.  She was very easy to talk to so it made arranging our stay effortless. Her house was very clean and is just as pictured in her photos. Four of us stayed at her house and we felt it was plenty of space. My friends and I were not  disappointed with our stay.",
  "title": "South Austin 1952 Home",
  "host_id": 9142238,
  "listing_latitude": 30.220676665774597,
  "listing_longitude": -97.78163933416272,
  "host_name": "Patryce"
}
