{
  "listing_id": 4358441,
  "id": 28116660,
  "date": "2015-03-18",
  "reviewer_id": 4314560,
  "reviewer_name": "Laurens",
  "text": "What can i say? It was just perfect. Both beds are very comfortable, plenty of food and drinks in the fridge. Everything is brand new, and detailed. A huge tv screen, apple tv, subwoofer, PS2, a whealth of Austin information, bicycles, a quiet neighbourhood and a great host!",
  "title": "Mid-Century Modern 1BD+ Apartment",
  "host_id": 22623789,
  "listing_latitude": 30.25943904812714,
  "listing_longitude": -97.76629678633607,
  "host_name": "Ira And Terri"
}
