{
  "listing_id": 4358441,
  "id": 49267713,
  "date": "2015-10-02",
  "reviewer_id": 468829,
  "reviewer_name": "Zachary",
  "text": "Terri and Ira are wonderful people offering a rental that is near perfection. The location is fantastic, the property is spotlessly clean, quiet, inviting, comfortable... I can't say enough good things. It even came with snacks!! I have zero complaints. Will be staying again!",
  "title": "Mid-Century Modern 1BD+ Apartment",
  "host_id": 22623789,
  "listing_latitude": 30.25943904812714,
  "listing_longitude": -97.76629678633607,
  "host_name": "Ira And Terri"
}
