{
  "listing_id": 4358441,
  "id": 49586842,
  "date": "2015-10-05",
  "reviewer_id": 14883457,
  "reviewer_name": "Felicia",
  "text": "The location of the property is easy to get to and is in an excellent location for activites near and around downtown. \r\nThe property is very clean , well kept, and has everything you need for a weekend getaway . 100% recommend this place.",
  "title": "Mid-Century Modern 1BD+ Apartment",
  "host_id": 22623789,
  "listing_latitude": 30.25943904812714,
  "listing_longitude": -97.76629678633607,
  "host_name": "Ira And Terri"
}
