{
  "listing_id": 4358441,
  "id": 52037939,
  "date": "2015-10-26",
  "reviewer_id": 10082451,
  "reviewer_name": "Lori",
  "text": "Ira & Terri have a beautiful home, in an older, well established, beautiful neighborhood in Austin.  Our entrance was private, with a key code lock on our door.\r\n\r\nUnique & wonderful restaurants are within walking distance (we went to two of them & were very pleased!)  \r\n\r\nThe room we stayed in has been beautifully renovated and exceptionally well appointed.  Bath towels, bed linens & room appointments 5 star!  Our room included a mini fridge & sink with a wonderful coffee machine.",
  "title": "Mid-Century Modern 1BD+ Apartment",
  "host_id": 22623789,
  "listing_latitude": 30.25943904812714,
  "listing_longitude": -97.76629678633607,
  "host_name": "Ira And Terri"
}
