{
  "listing_id": 4358441,
  "id": 53098916,
  "date": "2015-11-04",
  "reviewer_id": 7728369,
  "reviewer_name": "Susan",
  "text": "I've only tried air bnb once before and this was such a delightful surprise. Ira and Terry go above and beyond to make their home a great place to stay.  It's beautifully decorated and many nice touches from the stocked refrigerator to the towel warmer in the bathroom. Great proximity to beautiful Zilker Park.",
  "title": "Mid-Century Modern 1BD+ Apartment",
  "host_id": 22623789,
  "listing_latitude": 30.25943904812714,
  "listing_longitude": -97.76629678633607,
  "host_name": "Ira And Terri"
}
