{
  "listing_id": 869081,
  "id": 47074654,
  "date": "2015-09-15",
  "reviewer_id": 8608103,
  "reviewer_name": "Val",
  "text": "Michael Ann couldn't possibly have been a better hostess! She was an absolute pleasure to meet and her space was one of the most comfortable airbnb experiences I've had- wish we could've enjoyed it for longer! Great location with everything you need! Will not hesitate to book again when we head back to Austin! Thanks for everything, Michael Ann!",
  "title": "Beautiful Backyard Garage Apartment",
  "host_id": 2536590,
  "listing_latitude": 30.34389996515989,
  "listing_longitude": -97.73040082437961,
  "host_name": "Michael Ann"
}
