{
  "listing_id": 2149762,
  "id": 11749380,
  "date": "2014-04-14",
  "reviewer_id": 6886329,
  "reviewer_name": "Jill",
  "text": "Lisa's place in Austin served us well.  It's in a cute neighborhood and we enjoyed the ~2 mile walk to downtown.  The space is just as presented and was very clean.  Lisa couldn't have been easier to work with and it was easy to get in and out.  Highly recommended!",
  "title": "Eastside Bungalow SXSW/dwntwn",
  "host_id": 534546,
  "listing_latitude": 30.248398546667826,
  "listing_longitude": -97.72301922102484,
  "host_name": "Lisa"
}
