{
  "listing_id": 2149762,
  "id": 13108005,
  "date": "2014-05-19",
  "reviewer_id": 15242114,
  "reviewer_name": "Bill",
  "text": "Lisa provided an outstanding level of communication and her accommodations were as represented. Her place is conveniently located in Austin and I would not hesitate to do business with her again. Thankful for her allowing us to utilize her space last weekend!",
  "title": "Eastside Bungalow SXSW/dwntwn",
  "host_id": 534546,
  "listing_latitude": 30.248398546667826,
  "listing_longitude": -97.72301922102484,
  "host_name": "Lisa"
}
