{
  "listing_id": 2691971,
  "id": 29162045,
  "date": "2015-04-05",
  "reviewer_id": 12152240,
  "reviewer_name": "Tom",
  "text": "Great house - comfortable, very modern and well equipped. No problems with arrival/departure.  Nice area if a little close to a noisy road.\r\nGuests should be aware that one of the rooms is up a steep set of stairs.",
  "title": "Modern Farmhouse Downtown Austin",
  "host_id": 13777116,
  "listing_latitude": 30.253906344483987,
  "listing_longitude": -97.73357067851009,
  "host_name": "Kevin"
}
