{
  "listing_id": 5359587,
  "id": 31199103,
  "date": "2015-05-03",
  "reviewer_id": 9288392,
  "reviewer_name": "Katie",
  "text": "Martha was a perfect host.   The room that I stayed in was great and I was able to get a good night's sleep before  my Triathlon.   I am coming back to the Tri next year and hope that she will still have room.",
  "title": "MLK & 183 (East Austin)",
  "host_id": 9652898,
  "listing_latitude": 30.292917708140408,
  "listing_longitude": -97.64252968409915,
  "host_name": "Martha"
}
