{
  "listing_id": 5103926,
  "id": 29857195,
  "date": "2015-04-13",
  "reviewer_id": 20287545,
  "reviewer_name": "Max",
  "text": "Chelsea was friendly, helpful and quickly responsive to all our needs. She was friendly and easy to work with. The house was as described, clean and spacious. We would rent this place again. Thank you Chelsea !",
  "title": "Downtown Home",
  "host_id": 1165406,
  "listing_latitude": 30.260740317518515,
  "listing_longitude": -97.72902857057848,
  "host_name": "Chelsea"
}
