{
  "listing_id": 5103926,
  "id": 36687622,
  "date": "2015-06-30",
  "reviewer_id": 8087488,
  "reviewer_name": "Magnus",
  "text": "Chelsea was a wonderful host. The house was great, a lot more spacious than the pictures show. Perfect location, with walking distance to 6th and Rainey Street. Very communicative, always responded very quickly. The house was very clean. Would love to stay here again.",
  "title": "Downtown Home",
  "host_id": 1165406,
  "listing_latitude": 30.260740317518515,
  "listing_longitude": -97.72902857057848,
  "host_name": "Chelsea"
}
