{
  "listing_id": 5103926,
  "id": 38871722,
  "date": "2015-07-19",
  "reviewer_id": 32912847,
  "reviewer_name": "Lindsey",
  "text": "Chelsea was very easy to communicate with and her place made us all feel right \"at home\".  The listing was very accurate and the location of the house was just great for a girls weekend in Austin.",
  "title": "Downtown Home",
  "host_id": 1165406,
  "listing_latitude": 30.260740317518515,
  "listing_longitude": -97.72902857057848,
  "host_name": "Chelsea"
}
