{
  "listing_id": 7679,
  "id": 999088,
  "date": "2012-03-14",
  "reviewer_id": 1410146,
  "reviewer_name": "Liz",
  "text": "I was warmly received by Courtney and Joep - they are laid back, friendly, flexible and knowledgeable about Austin's ins and outs. I absolutely recommend a stay at their place and would do so again in a heartbeat. Thanks for a great stay!",
  "title": "North Austin garden haven",
  "host_id": 17333,
  "listing_latitude": 30.383545215797866,
  "listing_longitude": -97.66676146218637,
  "host_name": "Joep And Courtney"
}
