{
  "listing_id": 7679,
  "id": 2912596,
  "date": "2012-11-19",
  "reviewer_id": 3316653,
  "reviewer_name": "Keith",
  "text": "The Meijers were great hosts. They made sure we had everything we needed for our stay, and gave us very helpful information about restaurants in the area, best routes for getting around, etc. Highly Recommended.",
  "title": "North Austin garden haven",
  "host_id": 17333,
  "listing_latitude": 30.383545215797866,
  "listing_longitude": -97.66676146218637,
  "host_name": "Joep And Courtney"
}
