{
  "listing_id": 7679,
  "id": 3372846,
  "date": "2013-01-19",
  "reviewer_id": 4591006,
  "reviewer_name": "David",
  "text": "We had a very nice stay. Courtney and Joep were warm and friendly, and the home was pleasant and very clean. They were especially flexible with our weird arrival time. We will consider staying there again next time we need an overnight home in Austin.",
  "title": "North Austin garden haven",
  "host_id": 17333,
  "listing_latitude": 30.383545215797866,
  "listing_longitude": -97.66676146218637,
  "host_name": "Joep And Courtney"
}
