{
  "listing_id": 7679,
  "id": 8454582,
  "date": "2013-10-31",
  "reviewer_id": 8146054,
  "reviewer_name": "Elizabeth",
  "text": "Very kind, hospitable and accommodating hosts. Their home is solar! Which I thought was great. They also have a pretty, private and lusciously green backyard and are situated just far enough away to be quiet, but close enough to Austin downtown to be convenient. \r\n\r\nA lovely stay. Thanks for having me!",
  "title": "North Austin garden haven",
  "host_id": 17333,
  "listing_latitude": 30.383545215797866,
  "listing_longitude": -97.66676146218637,
  "host_name": "Joep And Courtney"
}
