{
  "listing_id": 1402358,
  "id": 22975692,
  "date": "2014-11-18",
  "reviewer_id": 23859914,
  "reviewer_name": "Tommy",
  "text": "Matt greeted me warmly when I arrived, and we chatted for a bit as he showed me around the house.  Very amicable and welcoming.  He gave me all the information I needed and made me feel very comfortable.  Listing was very accurate to it's description in the listing.  Nice, quiet neighborhood. This was my first time using airbnb, so I was a little trepidatious at first, but Mathew gave me an awesome experience.  Very grateful, and excited to use airbnb again!",
  "title": "Large Room in East Downtown Austin",
  "host_id": 5438095,
  "listing_latitude": 30.26244766075223,
  "listing_longitude": -97.70899169408102,
  "host_name": "Mathew"
}
