{
  "listing_id": 1402358,
  "id": 25188649,
  "date": "2015-01-08",
  "reviewer_id": 12662234,
  "reviewer_name": "Kara",
  "text": "This was a great airbnb experience. The house, room, and bathroom were really clean,  the location was excellent and super close to downtown. Matthew was a great host, and even offered us food when they had made extra for dinner. Definitely a swell time overall. :)",
  "title": "Large Room in East Downtown Austin",
  "host_id": 5438095,
  "listing_latitude": 30.26244766075223,
  "listing_longitude": -97.70899169408102,
  "host_name": "Mathew"
}
