{
  "listing_id": 1402358,
  "id": 25225515,
  "date": "2015-01-09",
  "reviewer_id": 25790584,
  "reviewer_name": "Rudy",
  "text": "Mathew is an awesome guy! This was my first airbnb experience and I was blown away. He is a gracious host and provides a very comfortable set up for 3-4 people. He also makes a mean pulled pork.",
  "title": "Large Room in East Downtown Austin",
  "host_id": 5438095,
  "listing_latitude": 30.26244766075223,
  "listing_longitude": -97.70899169408102,
  "host_name": "Mathew"
}
