{
  "listing_id": 977492,
  "id": 12125236,
  "date": "2014-04-23",
  "reviewer_id": 8755694,
  "reviewer_name": "Hj",
  "text": "Loved our stay at \"LoftBnB\", the space was quiet, clean and comfortable with lots of natural light. Would recommend it to anyone visiting Austin. Also Chandler the pomeranian is our favorite",
  "title": "Private Studio in Modern Crash Pad",
  "host_id": 4725234,
  "listing_latitude": 30.25211612960048,
  "listing_longitude": -97.72379121033181,
  "host_name": "Roman & Andrea"
}
