{
  "listing_id": 977492,
  "id": 12885662,
  "date": "2014-05-13",
  "reviewer_id": 13197933,
  "reviewer_name": "Rudy",
  "text": "My first experience with an airbnb leaves me stunned by the amazing hospitality of Andrea & Roman. Super sweet and helpfull. Their room is nothing less than amazing and perfectly situated in between Austin's best areas, south and east.\n\nThe pad was clean, well interiorized and fun to be at. Couldnt wish for a better first time! Big thumbs up!",
  "title": "Private Studio in Modern Crash Pad",
  "host_id": 4725234,
  "listing_latitude": 30.25211612960048,
  "listing_longitude": -97.72379121033181,
  "host_name": "Roman & Andrea"
}
