{
  "listing_id": 977492,
  "id": 12986221,
  "date": "2014-05-16",
  "reviewer_id": 5952150,
  "reviewer_name": "Jeremy",
  "text": "Roman and Andrea are great hosts and made me feel at home while traveling in Austin.  The room is private and a great retreat after venturing around East Austin for great food, coffee, and cocktails.  Great location for a morning run on the Lady Bird Trail.  Looking forward to the next trip!",
  "title": "Private Studio in Modern Crash Pad",
  "host_id": 4725234,
  "listing_latitude": 30.25211612960048,
  "listing_longitude": -97.72379121033181,
  "host_name": "Roman & Andrea"
}
