{
  "listing_id": 977492,
  "id": 13106202,
  "date": "2014-05-19",
  "reviewer_id": 794748,
  "reviewer_name": "Chip",
  "text": "Great host, great little place. The East Side of Austin is up and coming - a little grittier than the polished scenes in South or downtown, but that's the way we like it. :) We were able to walk to just about everything we wanted.",
  "title": "Private Studio in Modern Crash Pad",
  "host_id": 4725234,
  "listing_latitude": 30.25211612960048,
  "listing_longitude": -97.72379121033181,
  "host_name": "Roman & Andrea"
}
