{
  "listing_id": 2521003,
  "id": 26698940,
  "date": "2015-02-17",
  "reviewer_id": 18048793,
  "reviewer_name": "Justin",
  "text": "Billy was an excellent host (left us with a fridge full of wine and beer and full reign over the Nespresso), and the place is great for two guests. Great location: walkable to S. Congress/S First and very cheap ride downtown.",
  "title": "Bouldin Avenue Studio",
  "host_id": 9599503,
  "listing_latitude": 30.25592182314178,
  "listing_longitude": -97.75620612065266,
  "host_name": "Billy"
}
