{
  "listing_id": 2521003,
  "id": 28464252,
  "date": "2015-03-24",
  "reviewer_id": 21380939,
  "reviewer_name": "Mush",
  "text": "Billy was such a gracious host! When we arrived at his place, it was spotless and inviting. The fridge was stocked with beer, wine, a Brita and milk for coffee.  The counter was equipped with a Nescafé machine. The bed was SUPER comfy.  \n\nAfter we settled in, Billy introduced us to his two adorable pooches and invited us out to a nearby party at Hotel San Jose where we met one of his very cool friends.  \n\nBilly even hooked us up with some sxsw guest passes that got us access to some very cool events nearby.  \n\nDuring our trip, Billy went out of his way to make sure we felt welcomed and at ease.  He was always responsive by text and was easy to get along with.  We'll definitely go back to Austin and hope to stay with Billy again in the future.\n\nWe highly recommend staying with Billy.",
  "title": "Bouldin Avenue Studio",
  "host_id": 9599503,
  "listing_latitude": 30.25592182314178,
  "listing_longitude": -97.75620612065266,
  "host_name": "Billy"
}
