{
  "listing_id": 2521003,
  "id": 28850915,
  "date": "2015-03-30",
  "reviewer_id": 23395413,
  "reviewer_name": "Steven",
  "text": "Just wanted to thank you again for being a great host this past weekend. Everything exceeded expectations. Billy was a great host and the place was exceptionally clean. I really enjoyed my time in Austin. Look forward to coming back in the Future.",
  "title": "Bouldin Avenue Studio",
  "host_id": 9599503,
  "listing_latitude": 30.25592182314178,
  "listing_longitude": -97.75620612065266,
  "host_name": "Billy"
}
