{
  "listing_id": 347802,
  "id": 7864094,
  "date": "2013-10-06",
  "reviewer_id": 5165803,
  "reviewer_name": "Jennie",
  "text": "We had a wonderful stay at this pleasant, comfortable home, which is a short walk to Mother's Cafe, Antonelli's Cheese Shop, and Quack's Bakery, all of which we enjoyed.  The hosts were delightful and at the ready to answer any questions we had.",
  "title": "Hyde Park Bungalow close to UT & DT",
  "host_id": 1594787,
  "listing_latitude": 30.30229498844927,
  "listing_longitude": -97.7281497793535,
  "host_name": "Ananda & Dunstan"
}
