{
  "listing_id": 347802,
  "id": 8886955,
  "date": "2013-11-24",
  "reviewer_id": 9718218,
  "reviewer_name": "Adam",
  "text": "Excellent! Great place, great location, great hosts! We couldn't have asked for anything else and if we did, I'm sure Ananda and Dunstan would have provided it. Highly recommended!",
  "title": "Hyde Park Bungalow close to UT & DT",
  "host_id": 1594787,
  "listing_latitude": 30.30229498844927,
  "listing_longitude": -97.7281497793535,
  "host_name": "Ananda & Dunstan"
}
