{
  "listing_id": 347802,
  "id": 8981766,
  "date": "2013-11-30",
  "reviewer_id": 9726471,
  "reviewer_name": "Travis",
  "text": "Nice, neat and convenient house in Hyde Park, just north of UT campus. Ample amount of space for four guests. Enjoyed our two day stay there. Would recommend to others and also use again personally.",
  "title": "Hyde Park Bungalow close to UT & DT",
  "host_id": 1594787,
  "listing_latitude": 30.30229498844927,
  "listing_longitude": -97.7281497793535,
  "host_name": "Ananda & Dunstan"
}
